{"name":"5ac1ec30-15c2-4732-b58b-20a3e8347594","id":"/providers/Microsoft.Flow/flows/5ac1ec30-15c2-4732-b58b-20a3e8347594","type":"Microsoft.Flow/flows","properties":{"apiId":"/providers/Microsoft.PowerApps/apis/shared_logicflows","displayName":"LINE WORKS オウム返し Bot","definition":{"metadata":{"workflowEntityId":null,"processAdvisorMetadata":null,"flowclientsuspensionreason":"None","flowclientsuspensiontime":null,"creator":{"id":"aa84179d-9c7b-4047-81b1-2fb1042ca680","type":"User","tenantId":"a4752cb3-3c75-4c23-a5ba-9e091ace9c4c"},"provisioningMethod":"FromDefinition","failureAlertSubscription":true,"clientLastModifiedTime":"2022-06-26T10:20:32.8644674Z"},"$schema":"https://schema.management.azure.com/providers/Microsoft.Logic/schemas/2016-06-01/workflowdefinition.json#","contentVersion":"1.0.0.0","parameters":{"$connections":{"defaultValue":{},"type":"Object"},"$authentication":{"defaultValue":{},"type":"SecureObject"}},"triggers":{"manual":{"metadata":{"operationMetadataId":"1ad44a66-0e16-4646-bb3c-44d0c8ba1ada"},"type":"Request","kind":"Http","inputs":{"schema":{"type":"object","properties":{"type":{"type":"string"},"source":{"type":"object","properties":{"userId":{"type":"string"},"channelId":{"type":"string"},"domainId":{"type":"integer"}}},"issuedTime":{"type":"string"},"content":{"type":"object","properties":{"type":{"type":"string"},"text":{"type":"string"}}}}},"method":"POST"}}},"actions":{"ユーザーにテキスト_メッセージを送信する":{"runAfter":{},"metadata":{"operationMetadataId":"b90167c7-47cd-4ad3-8252-b8714c0013a4"},"type":"OpenApiConnection","inputs":{"host":{"apiId":"/providers/Microsoft.PowerApps/apis/shared_line-20works-5fae4acc74798a01f1-5f4dea24179d3427f9","connectionName":"shared_line-20works-5fae4acc74798a01f1-5f4dea24179d3427f9","operationId":"TextToUser"},"parameters":{"botId":"1234567","userId":"@triggerBody()?['source']?['userId']","body/content/text":"@triggerBody()?['content']?['text']"},"authentication":"@parameters('$authentication')"}}},"outputs":{}},"connectionReferences":{"shared_line-20works-5fae4acc74798a01f1-5f4dea24179d3427f9":{"connectionName":"ce84cce3-9442-4593-b67d-aca204eb1391","source":"Embedded","id":"/providers/Microsoft.PowerApps/apis/shared_line-20works-5fae4acc74798a01f1-5f4dea24179d3427f9","tier":"NotSpecified"}},"flowFailureAlertSubscribed":false,"isManaged":false}}